ID,x0,x1,class
0,12.680626,18.384702,1
1,4.892622,1.526301,0
2,-11.123997,0.813325,0
3,15.283769,-2.970134,1
4,15.472653,14.147598,0
5,2.046384,0.475399,0
6,35.227448,18.147859,1
7,27.261216,14.797469,0
8,6.473865,25.796685,1
9,-8.109974,1.125729,0
10,-13.2798,17.969411,0
11,-12.151047,1.606729,0
12,17.001844,25.370096,0
13,13.619845,29.435281,1
14,27.651698,15.714651,1
15,-12.306337,18.713728,0
16,18.270591,21.81155,1
17,-26.563249,20.133835,0
18,15.911857,2.216384,0
19,8.272766,-5.453369,1
20,3.903508,-8.082347,1
21,-1.879494,-0.396693,0
22,23.953556,19.842182,1
23,7.933486,14.163131,1
24,3.753138,1.705837,1
25,5.307182,16.244521,1
26,28.60143,7.884312,1
27,8.239711,13.366024,0
28,23.437976,4.806785,1
29,2.858004,1.83599,0
30,6.416843,1.668928,0
31,20.439583,23.755613,1
32,6.311209,1.1785,0
33,13.596977,2.09415,0
34,-0.875503,23.766917,1
35,32.886352,14.745392,1
36,14.961635,-2.899839,1
37,25.276955,10.143166,1
38,-14.473533,0.829535,0
39,-5.807222,3.238579,1
40,16.3518,27.173372,1
41,15.893775,-1.28006,1
42,19.1952,16.259532,1
43,25.855461,0.059566,1
44,29.008331,10.485999,1
45,-22.827904,18.167956,0
46,26.820446,17.780849,1
47,19.794016,22.433233,0
48,0.165894,20.141167,0
49,-8.702917,18.258475,0
50,17.746129,20.224943,1
51,19.535011,18.310586,1
52,-7.170406,21.237245,0
53,10.81027,3.442106,0
54,15.617612,27.280865,1
55,5.313325,25.472573,0
56,19.00625,0.114423,1
57,30.73881,14.718123,0
58,-20.584579,0.554527,0
59,10.260655,-10.979901,1
60,7.709041,-6.566354,1
61,12.622924,18.80483,0
62,20.552208,11.864904,1
63,4.535337,3.338449,0
64,3.212999,1.472727,0
65,11.339773,2.236157,0
66,-0.600968,17.865968,0
67,6.925416,2.802865,0
68,16.253878,0.030534,0
69,3.719609,13.353137,0
70,2.225388,1.704823,0
71,10.106348,22.420331,1
72,7.556737,17.728847,1
73,19.563629,13.488578,1
74,13.037816,16.831834,1
75,28.189226,18.321889,1
76,9.29275,-5.438251,1
77,13.918678,1.507644,0
78,19.050597,25.813259,1
79,8.313015,-6.671677,1
80,1.114466,21.456657,0
81,18.855482,-1.842125,1
82,12.246253,18.063709,1
83,13.700897,22.893933,1
84,19.79462,14.290389,1
85,-9.275935,19.161994,0
86,24.782149,15.3236,1
87,28.765957,16.423525,1
88,-8.941901,15.259613,0
89,24.771675,21.412434,1
90,-0.90852,1.141792,0
91,9.991823,23.428267,1
92,14.572684,1.616989,1
93,15.566245,20.025078,1
94,-3.219115,1.208508,0
95,28.227215,4.446417,1
96,-6.662611,1.735794,0
97,18.666763,15.129804,1
98,1.093635,-14.082934,1
99,32.843801,13.437197,1
100,20.139075,19.382168,0
101,-24.761484,14.075353,0
102,18.875192,17.598728,1
103,20.78089,17.864193,1
104,-0.461957,1.530878,0
105,20.575236,17.840223,1
106,5.465502,1.446917,0
107,-5.713563,14.840873,0
108,4.837652,20.164738,0
109,-14.766259,1.029706,0
110,29.244494,10.274456,1
111,-7.745821,12.847357,0
112,18.571046,13.991706,1
113,24.381325,21.106974,1
114,5.691913,-2.121431,1
115,9.073078,11.646,0
116,-8.140942,1.534103,0
117,4.594029,19.843102,0
118,21.959229,14.840035,1
119,1.173986,1.087874,0
120,5.975266,0.516414,0
121,-18.738063,0.970631,0
122,-6.959608,20.234645,0
123,15.156541,20.282802,1
124,4.640311,20.417884,0
125,10.252368,1.732831,1
126,2.590142,0.127716,0
127,23.846659,9.477012,1
128,8.260003,2.257324,0
129,14.488112,19.097929,1
130,20.984058,15.899819,1
131,23.261453,18.158162,1
132,1.687942,1.936773,0
133,23.146361,6.967424,1
134,27.438629,12.982902,1
135,24.201281,15.519775,1
136,4.511755,-4.105214,1
137,-1.726962,18.554138,0
138,2.102072,24.123115,0
139,18.536508,3.013061,1
140,19.701479,2.57758,1
141,28.370193,10.38377,1
142,4.691854,3.021331,0
143,13.780057,-2.659494,1
144,4.556956,-8.089308,1
145,-3.71773,23.715983,0
146,21.994204,6.345837,1
147,17.400446,22.190998,1
148,8.250605,1.862939,0
149,1.539727,13.301997,0
150,16.682889,17.568686,1
151,-4.749908,21.901005,0
152,18.143628,2.448857,1
153,15.328425,1.250675,0
154,26.910825,5.988565,1
155,6.951056,2.658488,0
156,12.660672,-1.5905,1
157,-7.851764,14.314508,0
158,21.861072,1.598482,1
159,-15.365237,11.834908,0
160,17.571415,15.618224,1
161,21.79803,11.977134,1
162,23.513727,10.087913,1
163,11.058388,21.253558,1
164,-0.854023,2.128309,0
165,10.562316,2.033429,0
166,20.737751,14.795125,1
167,28.554219,13.659309,1
168,11.736281,16.212172,1
169,21.50446,16.35719,1
170,3.334158,15.921098,0
171,12.536918,12.730199,1
172,40.554619,14.227788,1
173,-8.417817,14.48938,0
174,2.723573,15.331003,0
175,25.288325,25.698879,0
176,17.028858,17.443094,1
177,7.149859,-10.623789,1
178,13.272072,20.380047,0
179,14.646951,25.290423,1
180,21.741867,17.814896,1
181,12.707772,21.312057,0
182,19.537936,15.045335,1
183,-17.513252,0.994624,0
184,23.941953,23.535632,1
185,17.693986,24.095525,1
186,9.42067,-4.489076,1
187,30.433191,14.48956,1
188,34.401555,15.611524,1
189,-2.379882,0.673517,0
190,-11.53926,1.751154,0
191,19.460654,-1.107168,1
192,13.064874,-4.729033,1
193,4.691852,0.358493,0
194,2.774107,14.920148,0
195,12.455381,17.357166,0
196,-8.630145,19.450259,0
197,-2.64989,2.281977,0
198,-6.250346,19.779662,0
199,18.70217,19.210891,1
200,16.113564,3.260715,0
201,21.789774,9.881336,1
202,12.815052,14.38336,1
203,2.689262,-12.363182,1
204,1.62391,1.856905,0
205,1.541949,18.577393,0
206,11.820221,1.461929,0
207,5.434682,-10.495849,1
208,27.784639,9.929209,1
209,-6.320031,16.401939,0
210,-4.96825,22.313161,0
211,12.830667,22.758873,1
212,20.171107,25.343124,0
213,13.579517,-3.662781,1
214,22.873381,5.927266,1
215,-10.50095,0.755814,0
216,-11.092273,0.119792,0
217,8.411778,27.330331,1
218,25.79882,12.824173,1
219,-0.351139,0.450654,0
220,13.571293,-2.533678,1
221,25.271388,-0.337218,1
222,13.294353,-8.131821,1
223,7.49699,20.110669,0
224,9.078293,19.310155,0
225,9.601845,24.294787,0
226,21.331604,14.687765,1
227,23.089085,6.102457,1
228,3.457084,1.208714,0
229,29.277297,13.249537,1
230,13.606075,-1.224856,1
231,-9.609339,25.077756,0
232,-7.022076,18.742701,0
233,15.116592,21.636503,1
234,19.126891,12.518704,1
235,1.188634,18.022104,0
236,-11.246791,15.319865,0
237,-16.691612,1.72189,0
238,18.942178,19.728139,1
239,-5.824509,2.149533,0
240,-9.165487,14.187675,0
241,17.026808,21.165372,1
242,9.254489,-2.607551,1
243,12.839289,14.60489,0
244,9.70882,1.520421,0
245,17.190464,24.363515,0
246,5.44785,26.842796,1
247,11.9725,-8.469439,1
248,3.911797,16.847866,0
249,7.719367,24.633479,0
250,6.530341,1.898945,0
251,5.361381,3.884431,1
252,24.621981,19.947077,0
253,17.344203,20.680227,1
254,11.893917,-5.223153,1
255,25.863041,14.943864,1
256,19.370604,22.156379,1
257,7.611852,1.480107,0
258,10.895844,19.208176,0
259,1.217993,16.582914,0
260,-10.319315,18.251196,0
261,7.10846,1.052,0
262,9.782433,19.454292,0
263,13.384974,-5.240918,1
264,14.555105,-0.804486,1
265,18.863713,23.808643,1
266,28.641964,7.931135,1
267,22.868942,6.784234,1
268,0.244593,0.397033,0
269,-20.406569,-21.957985,1
270,15.234331,2.631852,1
271,7.814563,1.310995,0
272,19.37026,24.319324,0
273,-3.305123,1.012867,0
274,9.759444,1.811848,0
275,27.514514,17.78355,1
276,17.073037,22.175166,1
277,6.128099,1.374281,0
278,-2.012497,16.068106,0
279,28.158278,6.442855,1
280,25.69415,2.416044,1
281,0.217104,19.634193,0
282,20.200757,-1.399601,1
283,20.59387,0.238039,1
284,47.579763,18.248816,1
285,-2.032128,18.356455,0
286,14.273237,24.55968,1
287,10.396116,1.364118,0
288,8.391587,-2.221491,1
289,4.117338,23.193159,0
290,19.949183,0.49511,1
291,26.444743,15.630811,1
292,-3.590697,14.14443,0
293,8.764451,-10.749063,1
294,13.676553,2.558822,1
295,13.125958,24.999612,1
296,-14.742072,1.138197,0
297,14.321414,0.485646,0
298,8.974305,3.235731,0
299,-5.218773,23.838779,0
300,0.424332,17.189518,0
301,17.537155,0.474414,1
302,28.823363,6.277149,1
303,14.933012,1.531206,0
304,8.953282,-4.142437,1
305,10.075453,16.629769,0
306,-7.483014,1.424177,0
307,5.432325,0.077723,0
308,16.772662,11.216405,1
309,11.531033,18.752626,1
310,19.428408,-0.388661,1
311,11.05095,-1.668162,1
312,9.512612,1.949084,0
313,9.707694,-2.492482,1
314,20.719372,-2.02762,1
315,8.423213,19.401634,0
316,8.374648,1.390144,0
317,15.897215,-4.733144,1
318,35.929801,13.546976,1
319,26.916058,9.40858,1
320,-4.765074,1.730302,0
321,44.83035,14.130821,1
322,15.250599,-6.264306,1
323,1.454688,2.485077,0
324,-11.910194,20.644548,0
325,26.778908,7.680021,1
326,-2.727812,20.700487,0
327,8.459644,18.787835,0
328,19.434509,20.904743,1
329,11.413639,26.036175,1
330,18.418841,16.603043,1
331,3.842349,1.205974,0
332,-14.828722,17.495861,0
333,-2.031061,1.598358,0
334,22.389236,16.409037,1
335,5.594308,23.545335,1
336,17.319706,2.774679,0
337,17.138157,18.118959,1
338,8.832467,18.498226,0
339,11.309406,20.794566,0
340,2.80482,21.449306,0
341,25.855338,12.014758,1
342,14.120829,22.701076,0
343,-0.628835,-0.418153,0
344,13.153819,20.353202,1
345,22.991642,3.267272,1
346,9.443965,-0.520103,1
347,12.850317,-3.575591,1
348,7.619466,-6.812721,1
349,0.593621,23.172386,0
350,-0.145025,-6.816155,1
351,9.339982,-6.063897,1
352,23.479112,2.791911,1
353,5.988938,30.031267,1
354,-17.410518,11.562356,0
355,14.718437,20.833256,1
356,15.853369,-0.184581,0
357,-6.073899,1.555336,0
358,16.150822,1.171544,0
359,10.856254,1.014542,0
360,-32.778499,14.565673,0
361,20.224686,2.555021,1
362,14.997517,1.718309,0
363,16.590134,25.013905,1
364,16.625712,18.71428,1
365,27.915947,8.195367,1
366,2.301456,1.99316,0
367,22.787021,7.067992,1
368,14.135889,-0.215524,1
369,-3.890277,14.391348,0
370,4.783905,23.207266,1
371,23.709754,-4.928034,0
372,17.538343,20.393778,1
373,12.309749,22.024414,0
374,-4.374744,22.512289,0
375,23.42687,10.651508,1
376,28.017425,4.717526,1
377,28.53075,25.146428,1
378,31.542837,9.14379,1
379,-8.380279,20.720157,0
380,9.008052,14.876455,0
381,5.323899,16.399713,1
382,-6.849961,16.674016,0
383,8.858301,25.73913,1
384,2.258711,0.885385,0
385,8.790192,21.154056,1
386,11.620522,1.756917,0
387,-0.56555,20.387999,0
388,19.81627,4.2524,1
389,24.800179,8.854,1
390,22.23804,9.622134,1
391,-12.297506,20.799825,0
392,6.471276,1.997797,0
393,-8.353142,2.254497,0
394,9.743057,3.31877,0
395,16.949453,17.847904,0
396,11.506906,23.524595,0
397,23.117072,17.558719,1
398,26.927132,24.129399,0
399,18.57022,2.26086,1
400,-8.976535,10.285908,0
401,-0.804,2.365625,0
402,-4.581098,1.887534,0
403,11.825122,1.615314,0
404,-1.939303,2.461452,0
405,9.864818,21.146189,0
406,25.052641,17.953612,1
407,-9.225099,9.254999,0
408,11.018989,17.727459,1
409,-3.092071,1.665729,0
410,3.649911,1.807197,0
411,21.311155,10.499768,1
412,20.026918,19.333441,0
413,23.187866,25.278292,1
414,15.895996,19.762908,1
415,26.546106,21.238911,1
416,-0.313996,17.084773,0
417,-7.092712,2.590814,0
418,3.826962,1.920217,0
419,13.656802,20.541771,1
420,23.424595,5.924679,1
421,14.472641,21.880113,1
422,-13.901949,1.86627,0
423,21.137437,16.980923,1
424,-4.728344,19.92471,0
425,5.805898,1.389491,0
426,15.213782,-0.78538,1
427,20.723646,2.1241,1
428,14.537753,25.734365,0
429,11.154209,23.796035,1
430,14.854035,24.036718,0
431,7.900085,24.519511,1
432,27.256923,7.478449,1
433,12.557557,-3.023376,1
434,13.599978,0.201689,1
435,5.688223,17.413167,0
436,0.062591,0.945062,0
437,-3.808257,11.951132,0
438,35.231501,19.757604,0
439,-5.73306,14.966763,0
440,8.790825,-6.154555,1
441,19.594319,19.372875,1
442,17.198576,23.06604,0
443,15.721135,2.486288,1
444,0.974745,20.942137,1
445,12.193191,-4.9726,1
446,-8.876172,22.662963,0
447,14.819608,17.075734,1
448,30.570875,13.700593,1
449,18.477228,-0.217672,1
450,13.67192,16.090179,1
451,9.005184,1.432748,0
452,20.548955,22.189284,1
453,-3.466748,-6.795997,1
454,6.25989,-3.205658,1
455,15.310277,-3.892603,1
456,5.612444,2.524761,0
457,1.042977,20.911229,0
458,-4.318173,1.310524,0
459,-9.657186,16.829693,0
460,11.183517,15.64654,1
461,-6.779275,16.16589,0
462,8.727055,1.12379,0
463,0.225076,2.576106,0
464,9.859653,18.425315,1
465,3.18074,17.626455,0
466,19.478765,21.009701,1
467,25.598213,15.218576,1
468,11.143374,21.159308,1
469,19.72469,17.911496,1
470,-10.714326,1.967759,0
471,14.256276,24.167776,0
472,17.839491,22.129027,1
473,15.490756,-1.395476,1
474,9.143395,-0.577551,1
475,0.531783,2.271805,0
476,15.564397,10.689047,1
477,-15.379087,0.938786,0
478,23.874405,15.81135,0
479,23.725775,8.960461,1
480,12.347057,-1.313641,1
481,30.199654,6.556532,1
482,6.761622,16.192941,0
483,-27.317899,0.392034,0
484,6.622088,14.263502,0
485,2.61003,1.539801,0
486,5.746194,-15.366522,1
487,1.12161,20.796064,0
488,20.652342,7.043491,1
489,13.998657,20.451939,1
490,14.559967,0.447759,1
491,16.523304,1.465312,1
492,5.935284,22.678179,0
493,2.326052,-13.952513,1
494,26.946858,11.790528,1
495,-6.088007,-0.553308,0
496,-1.957687,1.7617,0
497,28.159936,9.358644,1
498,3.53791,17.134499,0
499,19.089404,12.885368,1
500,18.74969,19.770408,1
501,7.314289,-4.59553,1
502,13.023277,0.800348,1
503,-0.92943,2.140654,0
504,-12.398266,0.509723,0
505,19.722091,22.18239,1
506,3.226124,1.118361,0
507,4.938456,29.488599,0
508,1.698523,-5.767852,1
509,6.859705,-5.724799,1
510,1.26406,16.158953,0
511,-3.704051,1.841484,0
512,20.982086,17.947897,0
513,-19.153531,10.932725,0
514,-6.235344,2.363294,0
515,-11.669865,3.551432,0
516,3.886631,-13.118512,1
517,4.830338,1.642906,0
518,37.853752,20.920933,0
519,-9.484587,21.438156,0
520,19.257613,15.365441,0
521,8.777398,19.444882,0
522,20.44963,17.373153,1
523,-13.133315,1.011436,0
524,18.629902,14.041928,1
525,11.0092,-3.371376,1
526,29.470102,8.087869,1
527,3.277723,19.448114,1
528,22.422679,2.71398,1
529,4.826507,-11.307008,1
530,9.382998,26.600333,1
531,9.662534,-3.998469,1
532,-3.225209,17.588677,0
533,-8.911089,-0.59245,0
534,30.739688,11.710685,1
535,21.945448,15.528356,1
536,3.276113,17.757274,0
537,28.103687,3.83593,1
538,22.987449,5.774502,1
539,18.521833,2.208423,1
540,4.281506,20.961257,0
541,6.031207,1.013854,0
542,17.725942,-0.792436,1
543,16.606069,0.762759,1
544,26.91398,2.840776,1
545,29.097804,17.169581,0
546,25.712324,12.350519,1
547,14.004198,19.850713,1
548,30.502861,10.702128,1
549,6.544399,21.015518,1
550,20.252638,3.826403,1
551,12.114809,-1.730265,1
552,-9.425558,20.717694,0
553,20.203901,16.801585,1
554,-11.071391,12.333458,0
555,-6.68839,2.236374,0
556,0.605163,16.067706,0
557,-0.849676,12.065347,0
558,18.003964,1.105401,1
559,2.901584,21.930101,0
560,9.553308,1.720171,0
561,5.128523,-8.902014,0
562,12.084378,15.961006,0
563,14.54203,-3.10386,1
564,1.440877,1.864481,0
565,-0.612588,1.066211,0
566,19.860501,16.617547,1
567,14.336795,20.09381,1
568,14.410721,2.626026,0
569,11.460134,20.477634,1
570,20.931242,1.757886,1
571,-2.839959,2.86757,0
572,-8.664099,18.615674,0
573,19.97144,20.114912,1
574,18.79708,-1.726963,1
575,-8.458392,-0.103785,0
576,11.947379,16.931212,1
577,23.540004,17.37982,1
578,0.825322,21.165863,0
579,15.516643,17.108255,0
580,1.336883,0.943567,0
581,5.929434,17.82821,0
582,20.681055,13.588161,1
583,-33.571361,10.648308,0
584,19.725931,6.369678,1
585,18.875558,-2.344255,1
586,12.892317,1.58247,0
587,3.381247,2.492789,0
588,28.237484,11.38557,1
589,6.014305,-13.030283,1
590,0.090001,22.759156,0
591,4.979797,12.736889,0
592,1.07641,0.134409,0
593,22.392073,0.632039,0
594,-1.819002,1.328237,0
595,-2.616299,21.113897,0
596,-7.878716,1.060606,0
597,-9.899929,14.934389,0
598,36.790045,16.29016,1
599,40.408353,16.37886,1
600,-4.522893,2.796337,0
601,-0.550219,1.131094,0
602,6.593825,23.077328,1
603,23.168811,1.563133,0
604,7.959688,0.633416,0
605,-8.532558,1.93247,0
606,26.918676,13.905555,1
607,23.35899,10.312868,1
608,5.177729,19.868847,0
609,12.6205,-4.379944,1
610,-0.248973,0.535021,0
611,18.660547,21.400394,1
612,24.588758,8.871132,0
613,17.181701,19.946332,1
614,22.702213,17.846285,1
615,2.142155,-5.032343,1
616,2.54028,-7.920586,1
617,8.826012,2.075296,0
618,-8.577363,0.539432,0
619,16.192687,20.536826,1
620,-20.587429,15.048934,0
621,-3.381162,1.51317,0
622,25.230306,2.298749,0
623,9.966427,-4.367737,1
624,29.019657,12.693484,1
625,10.595646,26.09388,1
626,-1.617191,0.035876,0
627,8.177725,26.233571,0
628,13.712862,-3.039876,1
629,28.390621,10.934769,1
630,31.110207,26.123856,0
631,-0.276117,1.043487,0
632,4.633385,2.078976,0
633,7.543275,21.714296,0
634,23.793479,14.83614,1
635,14.220959,-5.945874,1
636,25.377221,16.884148,1
637,18.924426,10.805401,1
638,21.704501,14.583677,0
639,17.622667,0.778306,0
640,9.184029,19.196673,0
641,21.488608,-1.524625,1
642,-3.561322,-0.126557,1
643,19.301722,21.913949,0
644,-21.672392,0.969442,0
645,-1.293024,3.505729,0
646,17.889176,20.352966,1
647,-2.178807,19.712932,0
648,11.43667,24.273542,1
649,17.395626,17.450258,1
650,14.950574,11.520335,1
651,18.438653,20.615081,1
652,-6.651408,3.300782,0
653,-14.82879,1.60864,0
654,-16.50226,17.912262,0
655,13.88494,15.313691,0
656,3.745195,19.657024,0
657,21.31697,2.071304,1
658,-4.170901,0.891974,0
659,0.49954,18.85648,0
660,15.626337,21.204996,1
661,-3.886956,18.235744,0
662,2.357343,0.760122,0
663,-10.129774,2.265635,0
664,4.859889,0.159016,0
665,23.227563,1.600291,1
666,34.03569,15.076862,1
667,26.068251,21.112533,0
668,13.373581,-4.63155,1
669,13.23051,-3.582358,1
670,16.902865,21.20761,1
671,-3.518425,18.542027,0
672,0.437167,1.707662,0
673,2.989135,19.11875,0
674,17.361021,15.452767,0
675,31.187781,16.346587,1
676,5.624919,16.920188,1
677,17.923756,17.46196,1
678,24.246264,3.744063,1
679,23.215426,17.889407,1
680,6.546388,-5.088943,1
681,32.922646,13.025668,1
682,17.423276,22.58733,1
683,10.462832,23.410101,1
684,23.644775,12.46795,1
685,2.364677,16.058761,0
686,8.67526,2.086601,0
687,11.695931,18.804799,1
688,8.690575,2.070324,0
689,22.245053,2.255652,0
690,-0.136484,-21.441746,1
691,9.920201,20.860078,1
692,-4.159931,2.48919,0
693,-9.2733,1.811962,0
694,14.650716,18.788356,1
695,19.222781,7.351791,1
696,-3.358771,1.393355,0
697,14.515197,22.566227,0
698,16.638015,-5.198519,1
699,29.967561,10.89082,1
700,-4.207981,20.380317,1
701,0.182688,0.46256,0
702,24.77523,18.862063,1
703,2.481608,17.774524,0
704,18.399762,-2.037825,1
705,22.348163,13.153235,1
706,5.127358,21.334623,0
707,7.100454,29.573768,1
708,1.580578,15.587951,0
709,9.634,21.199092,1
710,8.547635,22.158603,1
711,-0.825213,-16.456147,1
712,10.049091,-4.706177,1
713,22.678206,3.819139,1
714,28.008187,16.576272,0
715,6.420183,20.17599,1
716,17.365657,-7.674569,1
717,27.124133,19.807705,1
718,29.550394,7.869149,1
719,-14.745592,17.950992,0
720,15.55799,5.288129,1
721,5.062952,20.245334,0
722,34.020757,12.542461,1
723,16.239916,1.903416,0
724,1.454733,1.730197,0
725,27.955281,2.237081,1
726,3.16416,18.662621,0
727,-15.593578,1.879695,0
728,15.474342,0.267097,1
729,5.578827,19.060825,0
730,-10.107754,0.602276,0
731,11.464309,20.303787,1
732,37.21278,12.593884,1
733,8.027583,25.741106,1
734,24.107191,7.226296,1
735,6.828702,-1.87924,1
736,28.59615,5.488366,1
737,2.123522,17.062839,0
738,-2.394661,17.291876,0
739,22.866987,14.665635,1
740,23.558992,16.240657,1
741,-0.484262,17.100374,1
742,-1.727143,21.644383,0
743,-5.645485,19.829737,0
744,-16.29856,0.315093,0
745,18.300241,22.226175,1
746,1.432191,2.839834,0
747,4.393858,2.379808,0
748,-2.536907,3.129105,0
749,9.295985,18.571103,0
750,24.885941,3.174871,1
751,15.488708,-4.310274,1
752,20.153565,13.757545,1
753,19.800594,17.702617,1
754,21.889313,20.648402,1
755,30.22177,14.615092,1
756,0.172548,21.341979,0
757,-1.8495,1.709733,0
758,38.014496,2.572242,1
759,19.472285,-3.763739,1
760,-12.373525,1.939478,0
761,0.26161,2.751428,0
762,6.320336,-6.17064,1
763,16.269175,23.29165,1
764,25.150602,2.33252,0
765,-1.682594,1.500336,0
766,15.421629,18.886884,1
767,17.014135,2.189468,0
768,1.637403,2.051066,0
769,-18.687814,16.169537,0
770,26.415308,18.684585,1
771,-2.436081,-0.115313,0
772,13.897887,24.639578,1
773,-6.986975,23.533074,0
774,17.208521,5.935294,0
775,15.806327,1.566039,0
776,34.876532,9.008364,1
777,3.177757,1.258822,0
778,-8.73603,-0.653185,0
779,11.897514,-0.346738,1
780,30.451766,11.10255,1
781,22.564071,13.770586,1
782,13.796288,1.23211,0
783,18.238169,2.038753,1
784,16.551607,0.19549,1
785,16.85293,16.010325,0
786,8.284747,22.481821,1
787,19.300916,2.632908,0
788,1.893499,18.922394,1
789,12.210796,0.302242,0
790,0.293382,17.128493,0
791,-6.906147,0.325557,0
792,23.384815,12.437021,1
793,10.100083,-5.073248,1
794,-11.728737,1.464795,0
795,0.307119,0.129182,0
796,-3.289082,1.453625,0
797,23.093687,11.821945,1
798,10.916376,19.215622,0
799,-13.971419,10.777045,0
800,16.108209,18.590592,0
801,13.524985,2.806091,0
802,8.446258,18.451314,0
803,-1.606859,15.649305,0
804,-23.886718,14.46606,0
805,8.660621,18.363803,0
806,6.252952,-7.927388,1
807,12.3687,14.07553,0
808,7.465857,1.168052,0
809,28.650617,3.91234,1
810,-13.70055,18.438423,0
811,20.122171,14.195418,1
812,-5.112793,18.451525,0
813,12.01803,-7.284633,1
814,-15.837821,13.093245,0
815,0.15102,17.142285,0
816,-2.666708,19.559342,0
817,9.128262,1.578233,0
818,-8.030374,12.245668,0
819,18.584772,16.781509,1
820,12.014787,21.90381,0
821,26.583435,16.603562,0
822,-6.463608,2.459735,0
823,14.090808,18.385271,1
824,27.034369,7.783406,1
825,8.145778,-6.027594,1
826,1.166638,17.296321,0
827,15.36891,21.545518,1
828,-3.165293,1.337631,0
829,5.291581,17.617893,0
830,0.761104,25.251971,0
831,28.161739,12.680616,1
832,-4.275052,1.425068,0
833,25.25804,17.091454,1
834,13.045785,24.394291,1
835,7.010139,1.943078,0
836,31.927849,12.232541,1
837,27.147498,13.701507,1
838,2.275459,1.889918,0
839,-4.440109,12.215053,0
840,-5.034035,1.644018,0
841,-8.898182,12.227152,0
842,26.646537,3.470211,1
843,13.655195,3.23997,1
844,12.390096,18.687808,1
845,35.509396,10.965071,1
846,20.987874,15.587628,1
847,1.13054,-13.130919,1
848,-1.70229,-11.772548,1
849,14.02429,22.049683,1
850,20.589494,16.978092,1
851,6.698529,0.421013,0
852,21.30681,0.881154,1
853,13.383625,2.319629,1
854,26.615229,21.271172,0
855,-0.475536,22.650758,0
856,-0.282393,1.061381,0
857,23.03583,17.899159,1
858,-0.599565,1.710917,0
859,14.307976,-0.080604,1
860,8.970008,-0.479241,0
861,16.144897,-4.0467,1
862,-11.042495,13.834505,0
863,24.272283,7.948437,1
864,32.672695,9.9281,1
865,26.709824,5.211424,1
866,-5.7612,-14.574134,1
867,14.884991,22.083099,1
868,20.930545,14.95958,1
869,17.216918,0.238504,1
870,9.419911,1.350228,0
871,30.804813,16.412366,1
872,-8.486652,0.759314,0
873,-11.68049,18.738617,0
874,4.387924,19.828776,0
875,15.836195,27.081928,1
876,-9.302132,1.21605,0
877,-3.411487,20.033132,0
878,13.622082,-0.589335,1
879,21.463279,15.912608,1
880,-0.752188,0.225298,0
881,-8.010061,25.260855,0
882,16.809882,3.487244,1
883,4.483176,-11.548455,1
884,10.700246,1.160796,0
885,1.195009,22.219177,1
886,9.78546,-8.747507,1
887,9.591623,0.625029,0
888,-14.919016,15.348044,0
889,21.86591,2.190536,1
890,9.785995,1.244741,0
891,-15.016186,1.428289,0
892,11.221572,-9.399275,1
893,9.847735,-6.474241,1
894,10.831586,16.888511,1
895,-12.386931,0.698853,0
896,-9.155299,1.954557,0
897,31.293347,9.849689,1
898,-3.735033,2.073924,0
899,32.499147,9.777108,1
900,37.194505,14.264824,1
901,-4.806234,15.712532,0
902,0.017167,25.076236,0
903,16.520705,21.443339,1
904,14.828172,1.241346,0
905,13.007375,-1.13858,1
906,-12.195258,1.25189,0
907,-5.612128,17.183656,0
908,4.510629,20.834615,0
909,10.232247,22.349459,1
910,0.7727,27.743907,1
911,16.037279,26.74922,1
912,16.4539,1.422789,0
913,17.270065,14.281718,1
914,20.387228,13.065803,1
915,7.2611,24.670546,1
916,4.356403,22.983674,1
917,4.295561,20.064749,0
918,28.870241,19.858298,0
919,33.517826,10.81385,1
920,22.449743,1.533333,0
921,17.708553,3.238726,0
922,-6.354571,1.633371,0
923,20.372874,3.48707,1
924,44.003131,18.612283,1
925,37.143508,10.186199,1
926,1.858055,2.0166,0
927,10.107505,17.219657,0
928,20.468546,3.382407,1
929,-9.377928,0.432418,0
930,18.760381,20.372454,1
931,1.199134,0.389947,0
932,12.032291,20.005211,1
933,9.397763,20.57018,1
934,14.119391,-11.655968,1
935,10.006178,19.895186,1
936,-3.165981,2.575279,0
937,-0.224961,-13.595821,1
938,20.999783,24.451384,0
939,-10.755003,0.131093,0
940,28.162293,10.174588,1
941,10.339032,17.343562,1
942,17.318384,13.115435,1
943,3.967721,19.577069,0
944,33.110866,13.691093,1
945,-2.5814,1.537273,0
946,-2.083155,1.827554,0
947,4.392987,1.925649,0
948,14.493522,16.572661,1
949,30.271242,7.155363,1
950,12.245885,1.088535,0
951,23.168086,11.834587,1
952,9.339808,13.563899,0
953,-7.11677,14.71109,0
954,17.14743,1.500772,1
955,-9.072968,18.33626,1
956,-19.375487,1.268649,0
957,5.218114,24.498351,1
958,21.081697,21.118496,1
959,18.471412,16.04195,1
960,26.391194,11.43766,1
961,-15.536239,0.918636,0
962,16.674345,23.229707,1
963,0.133599,-8.381561,1
964,4.070705,3.32123,0
965,3.042091,1.54754,0
966,-6.226188,14.604891,0
967,0.818377,-0.009466,0
968,30.025682,8.907682,1
969,11.36031,2.486792,0
970,15.942642,22.09661,0
971,-2.21559,1.512376,0
972,-12.007492,2.182743,0
973,4.95419,1.516764,0
974,13.768263,24.374637,1
975,28.419109,4.489985,1
976,-8.122755,0.545052,0
977,4.499709,19.434245,0
978,-0.491342,0.51381,0
979,25.914993,7.492351,1
980,6.407351,0.148704,1
981,32.345882,13.729725,1
982,-18.537659,20.247244,0
983,15.700707,1.163214,1
984,-2.381677,15.926852,0
985,-3.24888,0.542522,0
986,14.670623,19.937288,0
987,18.950949,4.353429,1
988,14.424818,20.374379,1
989,7.931273,24.738828,1
990,-6.193587,-0.629027,0
991,9.603124,-8.719064,1
992,13.065973,1.320064,0
993,14.248576,-4.247638,1
994,14.829035,25.742436,0
995,-3.965054,22.501668,0
996,-1.391555,19.674934,0
997,13.554197,-4.35144,1
998,14.617547,-0.717048,1
999,21.656134,5.816496,1
